{"cameraMode":{"drawMode":0,"name":"Shaded","section":"Shading Mode"},"sceneLighting":true,"audioPlay":false,"sceneViewState":{"showFog":false,"showMaterialUpdate":false,"showSkybox":false,"showFlares":false,"showImageEffects":false,"showParticleSystems":true},"in2DMode":false,"pivot":{"x":23.540782928466798,"y":-7.972272872924805,"z":-1.5170798301696778},"rotation":{"x":0.187118798494339,"y":0.7472971677780151,"z":-0.23610274493694306,"w":0.5922744274139404},"size":34.93522644042969,"orthographic":false}