{"cameraMode":{"drawMode":0,"name":"Shaded","section":"Shading Mode"},"sceneLighting":false,"audioPlay":false,"sceneViewState":{"showFog":false,"showMaterialUpdate":false,"showSkybox":false,"showFlares":false,"showImageEffects":false,"showParticleSystems":true},"in2DMode":false,"pivot":{"x":19.69921875,"y":0.04091453552246094,"z":-22.301799774169923},"rotation":{"x":0.1459013670682907,"y":-0.8126661777496338,"z":0.23018445074558259,"w":0.5150743722915649},"size":39.397029876708987,"orthographic":false}