{"cameraMode":{"drawMode":0,"name":"Shaded","section":"Shading Mode"},"sceneLighting":false,"audioPlay":false,"sceneViewState":{"showFog":false,"showMaterialUpdate":false,"showSkybox":false,"showFlares":false,"showImageEffects":false,"showParticleSystems":true},"in2DMode":false,"pivot":{"x":-0.7007453441619873,"y":0.17275452613830567,"z":-0.7236943244934082},"rotation":{"x":-0.14746151864528657,"y":-0.16065655648708344,"z":0.024287668988108636,"w":-0.9756304025650024},"size":6.693014621734619,"orthographic":false}