{"cameraMode":{"drawMode":0,"name":"Shaded","section":"Shading Mode"},"sceneLighting":true,"audioPlay":false,"sceneViewState":{"showFog":false,"showMaterialUpdate":false,"showSkybox":false,"showFlares":false,"showImageEffects":false,"showParticleSystems":false},"in2DMode":false,"pivot":{"x":22.189708709716798,"y":-15.480851173400879,"z":-18.334716796875},"rotation":{"x":-0.1421036720275879,"y":-0.8359391093254089,"z":0.2558869421482086,"w":-0.46425676345825198},"size":43.610233306884769,"orthographic":false}