{"cameraMode":{"drawMode":0,"name":"Shaded","section":"Shading Mode"},"sceneLighting":false,"audioPlay":false,"sceneViewState":{"showFog":false,"showMaterialUpdate":false,"showSkybox":false,"showFlares":false,"showImageEffects":false,"showParticleSystems":true},"in2DMode":false,"pivot":{"x":-1.1920928955078126e-7,"y":-0.35288703441619875,"z":0.32301998138427737},"rotation":{"x":0.07511946558952332,"y":-0.6936464309692383,"z":0.07310771942138672,"w":0.7126478552818298},"size":20.476123809814454,"orthographic":false}