{"cameraMode":{"drawMode":0,"name":"Shaded","section":"Shading Mode"},"sceneLighting":true,"audioPlay":false,"sceneViewState":{"showFog":false,"showMaterialUpdate":false,"showSkybox":false,"showFlares":false,"showImageEffects":false,"showParticleSystems":true},"in2DMode":false,"pivot":{"x":-1.1028650999069214,"y":-17.05546760559082,"z":23.159944534301759},"rotation":{"x":-0.2954697608947754,"y":0.018912915140390397,"z":-0.005845090374350548,"w":-0.9551470279693604},"size":46.74773025512695,"orthographic":false}